<?xml version="1.0" encoding="UTF-8"?>
<mesh>
    <sharedgeometry vertexcount="96">
        <vertexbuffer positions="true" normals="true" colours_diffuse="False" texture_coords="0">
            <vertex>
                <position y="1.000000" x="-3.000000" z="-1.000000"/>
                <normal y="-0.000000" x="-1.000000" z="-0.000000"/>
            </vertex>
            <vertex>
                <position y="1.000000" x="-3.000000" z="1.000000"/>
                <normal y="-0.000000" x="-1.000000" z="-0.000000"/>
            </vertex>
            <vertex>
                <position y="3.000000" x="-3.000000" z="1.000000"/>
                <normal y="-0.000000" x="-1.000000" z="-0.000000"/>
            </vertex>
            <vertex>
                <position y="3.000000" x="-3.000000" z="-1.000000"/>
                <normal y="-0.000000" x="-1.000000" z="-0.000000"/>
            </vertex>
            <vertex>
                <position y="3.000000" x="-3.000000" z="-1.000000"/>
                <normal y="-0.000000" x="0.000000" z="-1.000000"/>
            </vertex>
            <vertex>
                <position y="3.000000" x="-1.000000" z="-1.000000"/>
                <normal y="-0.000000" x="0.000000" z="-1.000000"/>
            </vertex>
            <vertex>
                <position y="1.000000" x="-1.000000" z="-1.000000"/>
                <normal y="-0.000000" x="0.000000" z="-1.000000"/>
            </vertex>
            <vertex>
                <position y="1.000000" x="-3.000000" z="-1.000000"/>
                <normal y="-0.000000" x="0.000000" z="-1.000000"/>
            </vertex>
            <vertex>
                <position y="3.000000" x="-1.000000" z="-1.000000"/>
                <normal y="-0.000000" x="1.000000" z="-0.000000"/>
            </vertex>
            <vertex>
                <position y="3.000000" x="-1.000000" z="1.000000"/>
                <normal y="-0.000000" x="1.000000" z="-0.000000"/>
            </vertex>
            <vertex>
                <position y="1.000000" x="-1.000000" z="1.000000"/>
                <normal y="-0.000000" x="1.000000" z="-0.000000"/>
            </vertex>
            <vertex>
                <position y="1.000000" x="-1.000000" z="-1.000000"/>
                <normal y="-0.000000" x="1.000000" z="-0.000000"/>
            </vertex>
            <vertex>
                <position y="1.000000" x="-3.000000" z="1.000000"/>
                <normal y="-0.000000" x="0.000000" z="1.000000"/>
            </vertex>
            <vertex>
                <position y="1.000000" x="-1.000000" z="1.000000"/>
                <normal y="-0.000000" x="0.000000" z="1.000000"/>
            </vertex>
            <vertex>
                <position y="3.000000" x="-1.000000" z="1.000000"/>
                <normal y="-0.000000" x="0.000000" z="1.000000"/>
            </vertex>
            <vertex>
                <position y="3.000000" x="-3.000000" z="1.000000"/>
                <normal y="-0.000000" x="0.000000" z="1.000000"/>
            </vertex>
            <vertex>
                <position y="1.000000" x="-3.000000" z="1.000000"/>
                <normal y="-1.000000" x="-0.000000" z="-0.000000"/>
            </vertex>
            <vertex>
                <position y="1.000000" x="-3.000000" z="-1.000000"/>
                <normal y="-1.000000" x="-0.000000" z="-0.000000"/>
            </vertex>
            <vertex>
                <position y="1.000000" x="-1.000000" z="-1.000000"/>
                <normal y="-1.000000" x="-0.000000" z="-0.000000"/>
            </vertex>
            <vertex>
                <position y="1.000000" x="-1.000000" z="1.000000"/>
                <normal y="-1.000000" x="-0.000000" z="-0.000000"/>
            </vertex>
            <vertex>
                <position y="3.000000" x="-1.000000" z="1.000000"/>
                <normal y="1.000000" x="-0.000000" z="-0.000000"/>
            </vertex>
            <vertex>
                <position y="3.000000" x="-1.000000" z="-1.000000"/>
                <normal y="1.000000" x="-0.000000" z="-0.000000"/>
            </vertex>
            <vertex>
                <position y="3.000000" x="-3.000000" z="-1.000000"/>
                <normal y="1.000000" x="-0.000000" z="-0.000000"/>
            </vertex>
            <vertex>
                <position y="3.000000" x="-3.000000" z="1.000000"/>
                <normal y="1.000000" x="-0.000000" z="-0.000000"/>
            </vertex>
            <vertex>
                <position y="1.000000" x="-5.000000" z="1.000000"/>
                <normal y="0.000000" x="-1.000000" z="-0.000000"/>
            </vertex>
            <vertex>
                <position y="1.000000" x="-5.000000" z="-1.000000"/>
                <normal y="0.000000" x="-1.000000" z="-0.000000"/>
            </vertex>
            <vertex>
                <position y="-1.000000" x="-5.000000" z="-1.000000"/>
                <normal y="0.000000" x="-1.000000" z="-0.000000"/>
            </vertex>
            <vertex>
                <position y="-1.000000" x="-5.000000" z="1.000000"/>
                <normal y="0.000000" x="-1.000000" z="-0.000000"/>
            </vertex>
            <vertex>
                <position y="1.000000" x="-5.000000" z="-1.000000"/>
                <normal y="-0.000000" x="0.000000" z="-1.000000"/>
            </vertex>
            <vertex>
                <position y="1.000000" x="-3.000000" z="-1.000000"/>
                <normal y="-0.000000" x="0.000000" z="-1.000000"/>
            </vertex>
            <vertex>
                <position y="-1.000000" x="-3.000000" z="-1.000000"/>
                <normal y="-0.000000" x="0.000000" z="-1.000000"/>
            </vertex>
            <vertex>
                <position y="-1.000000" x="-5.000000" z="-1.000000"/>
                <normal y="-0.000000" x="0.000000" z="-1.000000"/>
            </vertex>
            <vertex>
                <position y="1.000000" x="-3.000000" z="-1.000000"/>
                <normal y="-0.000000" x="1.000000" z="-0.000000"/>
            </vertex>
            <vertex>
                <position y="1.000000" x="-3.000000" z="1.000000"/>
                <normal y="-0.000000" x="1.000000" z="-0.000000"/>
            </vertex>
            <vertex>
                <position y="-1.000000" x="-3.000000" z="1.000000"/>
                <normal y="-0.000000" x="1.000000" z="-0.000000"/>
            </vertex>
            <vertex>
                <position y="-1.000000" x="-3.000000" z="-1.000000"/>
                <normal y="-0.000000" x="1.000000" z="-0.000000"/>
            </vertex>
            <vertex>
                <position y="1.000000" x="-3.000000" z="1.000000"/>
                <normal y="0.000000" x="0.000000" z="1.000000"/>
            </vertex>
            <vertex>
                <position y="1.000000" x="-5.000000" z="1.000000"/>
                <normal y="0.000000" x="0.000000" z="1.000000"/>
            </vertex>
            <vertex>
                <position y="-1.000000" x="-5.000000" z="1.000000"/>
                <normal y="0.000000" x="0.000000" z="1.000000"/>
            </vertex>
            <vertex>
                <position y="-1.000000" x="-3.000000" z="1.000000"/>
                <normal y="0.000000" x="0.000000" z="1.000000"/>
            </vertex>
            <vertex>
                <position y="-1.000000" x="-5.000000" z="1.000000"/>
                <normal y="-1.000000" x="-0.000000" z="-0.000000"/>
            </vertex>
            <vertex>
                <position y="-1.000000" x="-5.000000" z="-1.000000"/>
                <normal y="-1.000000" x="-0.000000" z="-0.000000"/>
            </vertex>
            <vertex>
                <position y="-1.000000" x="-3.000000" z="-1.000000"/>
                <normal y="-1.000000" x="-0.000000" z="-0.000000"/>
            </vertex>
            <vertex>
                <position y="-1.000000" x="-3.000000" z="1.000000"/>
                <normal y="-1.000000" x="-0.000000" z="-0.000000"/>
            </vertex>
            <vertex>
                <position y="1.000000" x="-3.000000" z="1.000000"/>
                <normal y="1.000000" x="-0.000000" z="-0.000000"/>
            </vertex>
            <vertex>
                <position y="1.000000" x="-3.000000" z="-1.000000"/>
                <normal y="1.000000" x="-0.000000" z="-0.000000"/>
            </vertex>
            <vertex>
                <position y="1.000000" x="-5.000000" z="-1.000000"/>
                <normal y="1.000000" x="-0.000000" z="-0.000000"/>
            </vertex>
            <vertex>
                <position y="1.000000" x="-5.000000" z="1.000000"/>
                <normal y="1.000000" x="-0.000000" z="-0.000000"/>
            </vertex>
            <vertex>
                <position y="1.000000" x="-3.000000" z="1.000000"/>
                <normal y="0.000000" x="-1.000000" z="-0.000000"/>
            </vertex>
            <vertex>
                <position y="1.000000" x="-3.000000" z="-1.000000"/>
                <normal y="0.000000" x="-1.000000" z="-0.000000"/>
            </vertex>
            <vertex>
                <position y="-1.000000" x="-3.000000" z="-1.000000"/>
                <normal y="0.000000" x="-1.000000" z="-0.000000"/>
            </vertex>
            <vertex>
                <position y="-1.000000" x="-3.000000" z="1.000000"/>
                <normal y="0.000000" x="-1.000000" z="-0.000000"/>
            </vertex>
            <vertex>
                <position y="1.000000" x="-3.000000" z="-1.000000"/>
                <normal y="-0.000000" x="0.000000" z="-1.000000"/>
            </vertex>
            <vertex>
                <position y="1.000000" x="-1.000000" z="-1.000000"/>
                <normal y="-0.000000" x="0.000000" z="-1.000000"/>
            </vertex>
            <vertex>
                <position y="-1.000000" x="-1.000000" z="-1.000000"/>
                <normal y="-0.000000" x="0.000000" z="-1.000000"/>
            </vertex>
            <vertex>
                <position y="-1.000000" x="-3.000000" z="-1.000000"/>
                <normal y="-0.000000" x="0.000000" z="-1.000000"/>
            </vertex>
            <vertex>
                <position y="1.000000" x="-1.000000" z="-1.000000"/>
                <normal y="-0.000000" x="1.000000" z="-0.000000"/>
            </vertex>
            <vertex>
                <position y="1.000000" x="-1.000000" z="1.000000"/>
                <normal y="-0.000000" x="1.000000" z="-0.000000"/>
            </vertex>
            <vertex>
                <position y="-1.000000" x="-1.000000" z="1.000000"/>
                <normal y="-0.000000" x="1.000000" z="-0.000000"/>
            </vertex>
            <vertex>
                <position y="-1.000000" x="-1.000000" z="-1.000000"/>
                <normal y="-0.000000" x="1.000000" z="-0.000000"/>
            </vertex>
            <vertex>
                <position y="1.000000" x="-1.000000" z="1.000000"/>
                <normal y="0.000000" x="0.000000" z="1.000000"/>
            </vertex>
            <vertex>
                <position y="1.000000" x="-3.000000" z="1.000000"/>
                <normal y="0.000000" x="0.000000" z="1.000000"/>
            </vertex>
            <vertex>
                <position y="-1.000000" x="-3.000000" z="1.000000"/>
                <normal y="0.000000" x="0.000000" z="1.000000"/>
            </vertex>
            <vertex>
                <position y="-1.000000" x="-1.000000" z="1.000000"/>
                <normal y="0.000000" x="0.000000" z="1.000000"/>
            </vertex>
            <vertex>
                <position y="-1.000000" x="-3.000000" z="1.000000"/>
                <normal y="-1.000000" x="-0.000000" z="-0.000000"/>
            </vertex>
            <vertex>
                <position y="-1.000000" x="-3.000000" z="-1.000000"/>
                <normal y="-1.000000" x="-0.000000" z="-0.000000"/>
            </vertex>
            <vertex>
                <position y="-1.000000" x="-1.000000" z="-1.000000"/>
                <normal y="-1.000000" x="-0.000000" z="-0.000000"/>
            </vertex>
            <vertex>
                <position y="-1.000000" x="-1.000000" z="1.000000"/>
                <normal y="-1.000000" x="-0.000000" z="-0.000000"/>
            </vertex>
            <vertex>
                <position y="1.000000" x="-1.000000" z="1.000000"/>
                <normal y="1.000000" x="-0.000000" z="-0.000000"/>
            </vertex>
            <vertex>
                <position y="1.000000" x="-1.000000" z="-1.000000"/>
                <normal y="1.000000" x="-0.000000" z="-0.000000"/>
            </vertex>
            <vertex>
                <position y="1.000000" x="-3.000000" z="-1.000000"/>
                <normal y="1.000000" x="-0.000000" z="-0.000000"/>
            </vertex>
            <vertex>
                <position y="1.000000" x="-3.000000" z="1.000000"/>
                <normal y="1.000000" x="-0.000000" z="-0.000000"/>
            </vertex>
            <vertex>
                <position y="-1.000000" x="1.000000" z="-1.000000"/>
                <normal y="-1.000000" x="0.000000" z="-0.000000"/>
            </vertex>
            <vertex>
                <position y="-1.000000" x="1.000000" z="1.000000"/>
                <normal y="-1.000000" x="0.000000" z="-0.000000"/>
            </vertex>
            <vertex>
                <position y="-1.000000" x="-1.000000" z="1.000000"/>
                <normal y="-1.000000" x="0.000000" z="-0.000000"/>
            </vertex>
            <vertex>
                <position y="-1.000000" x="-1.000000" z="-1.000000"/>
                <normal y="-1.000000" x="0.000000" z="-0.000000"/>
            </vertex>
            <vertex>
                <position y="1.000000" x="1.000000" z="-0.999999"/>
                <normal y="1.000000" x="0.000000" z="0.000000"/>
            </vertex>
            <vertex>
                <position y="1.000000" x="-1.000000" z="-1.000000"/>
                <normal y="1.000000" x="0.000000" z="0.000000"/>
            </vertex>
            <vertex>
                <position y="1.000000" x="-1.000000" z="1.000000"/>
                <normal y="1.000000" x="0.000000" z="0.000000"/>
            </vertex>
            <vertex>
                <position y="1.000000" x="0.999999" z="1.000001"/>
                <normal y="1.000000" x="0.000000" z="0.000000"/>
            </vertex>
            <vertex>
                <position y="-1.000000" x="1.000000" z="-1.000000"/>
                <normal y="0.000000" x="1.000000" z="0.000000"/>
            </vertex>
            <vertex>
                <position y="1.000000" x="1.000000" z="-0.999999"/>
                <normal y="0.000000" x="1.000000" z="0.000000"/>
            </vertex>
            <vertex>
                <position y="1.000000" x="0.999999" z="1.000001"/>
                <normal y="0.000000" x="1.000000" z="0.000000"/>
            </vertex>
            <vertex>
                <position y="-1.000000" x="1.000000" z="1.000000"/>
                <normal y="0.000000" x="1.000000" z="0.000000"/>
            </vertex>
            <vertex>
                <position y="-1.000000" x="1.000000" z="1.000000"/>
                <normal y="-0.000000" x="-0.000000" z="1.000000"/>
            </vertex>
            <vertex>
                <position y="1.000000" x="0.999999" z="1.000001"/>
                <normal y="-0.000000" x="-0.000000" z="1.000000"/>
            </vertex>
            <vertex>
                <position y="1.000000" x="-1.000000" z="1.000000"/>
                <normal y="-0.000000" x="-0.000000" z="1.000000"/>
            </vertex>
            <vertex>
                <position y="-1.000000" x="-1.000000" z="1.000000"/>
                <normal y="-0.000000" x="-0.000000" z="1.000000"/>
            </vertex>
            <vertex>
                <position y="-1.000000" x="-1.000000" z="1.000000"/>
                <normal y="-0.000000" x="-1.000000" z="-0.000000"/>
            </vertex>
            <vertex>
                <position y="1.000000" x="-1.000000" z="1.000000"/>
                <normal y="-0.000000" x="-1.000000" z="-0.000000"/>
            </vertex>
            <vertex>
                <position y="1.000000" x="-1.000000" z="-1.000000"/>
                <normal y="-0.000000" x="-1.000000" z="-0.000000"/>
            </vertex>
            <vertex>
                <position y="-1.000000" x="-1.000000" z="-1.000000"/>
                <normal y="-0.000000" x="-1.000000" z="-0.000000"/>
            </vertex>
            <vertex>
                <position y="1.000000" x="1.000000" z="-0.999999"/>
                <normal y="0.000000" x="0.000000" z="-1.000000"/>
            </vertex>
            <vertex>
                <position y="-1.000000" x="1.000000" z="-1.000000"/>
                <normal y="0.000000" x="0.000000" z="-1.000000"/>
            </vertex>
            <vertex>
                <position y="-1.000000" x="-1.000000" z="-1.000000"/>
                <normal y="0.000000" x="0.000000" z="-1.000000"/>
            </vertex>
            <vertex>
                <position y="1.000000" x="-1.000000" z="-1.000000"/>
                <normal y="0.000000" x="0.000000" z="-1.000000"/>
            </vertex>
        </vertexbuffer>
    </sharedgeometry>
    <submeshes>
        <submesh material="Material" operationtype="triangle_list" usesharedvertices="true" use32bitindexes="False">
            <faces count="12">
                <face v2="73" v3="74" v1="72"/>
                <face v2="74" v3="75" v1="72"/>
                <face v2="77" v3="78" v1="76"/>
                <face v2="78" v3="79" v1="76"/>
                <face v2="81" v3="82" v1="80"/>
                <face v2="82" v3="83" v1="80"/>
                <face v2="85" v3="86" v1="84"/>
                <face v2="86" v3="87" v1="84"/>
                <face v2="89" v3="90" v1="88"/>
                <face v2="90" v3="91" v1="88"/>
                <face v2="93" v3="94" v1="92"/>
                <face v2="94" v3="95" v1="92"/>
            </faces>
        </submesh>
        <submesh material="Material.003" operationtype="triangle_list" usesharedvertices="true" use32bitindexes="False">
            <faces count="12">
                <face v2="49" v3="50" v1="48"/>
                <face v2="50" v3="51" v1="48"/>
                <face v2="53" v3="54" v1="52"/>
                <face v2="54" v3="55" v1="52"/>
                <face v2="57" v3="58" v1="56"/>
                <face v2="58" v3="59" v1="56"/>
                <face v2="61" v3="62" v1="60"/>
                <face v2="62" v3="63" v1="60"/>
                <face v2="65" v3="66" v1="64"/>
                <face v2="66" v3="67" v1="64"/>
                <face v2="69" v3="70" v1="68"/>
                <face v2="70" v3="71" v1="68"/>
            </faces>
        </submesh>
        <submesh material="Material.002" operationtype="triangle_list" usesharedvertices="true" use32bitindexes="False">
            <faces count="12">
                <face v2="25" v3="26" v1="24"/>
                <face v2="26" v3="27" v1="24"/>
                <face v2="29" v3="30" v1="28"/>
                <face v2="30" v3="31" v1="28"/>
                <face v2="33" v3="34" v1="32"/>
                <face v2="34" v3="35" v1="32"/>
                <face v2="37" v3="38" v1="36"/>
                <face v2="38" v3="39" v1="36"/>
                <face v2="41" v3="42" v1="40"/>
                <face v2="42" v3="43" v1="40"/>
                <face v2="45" v3="46" v1="44"/>
                <face v2="46" v3="47" v1="44"/>
            </faces>
        </submesh>
        <submesh material="Material.001" operationtype="triangle_list" usesharedvertices="true" use32bitindexes="False">
            <faces count="12">
                <face v2="1" v3="2" v1="0"/>
                <face v2="2" v3="3" v1="0"/>
                <face v2="5" v3="6" v1="4"/>
                <face v2="6" v3="7" v1="4"/>
                <face v2="9" v3="10" v1="8"/>
                <face v2="10" v3="11" v1="8"/>
                <face v2="13" v3="14" v1="12"/>
                <face v2="14" v3="15" v1="12"/>
                <face v2="17" v3="18" v1="16"/>
                <face v2="18" v3="19" v1="16"/>
                <face v2="21" v3="22" v1="20"/>
                <face v2="22" v3="23" v1="20"/>
            </faces>
        </submesh>
    </submeshes>
    <submeshnames>
        <submesh index="0" name="Material">
        </submesh>
        <submesh index="1" name="Material.003">
        </submesh>
        <submesh index="2" name="Material.002">
        </submesh>
        <submesh index="3" name="Material.001">
        </submesh>
    </submeshnames>
</mesh>